"","filing","variable","value"
"1",2010,"mrna_pharma",0.0744564557269525
"2",2011,"mrna_pharma",0.0664381213575591
"3",2012,"mrna_pharma",0.0605819914795292
"4",2013,"mrna_pharma",0.062010142923006
"5",2014,"mrna_pharma",0.0630874394759328
"6",2015,"mrna_pharma",0.0704011612562681
"7",2016,"mrna_pharma",0.0752811706373201
"8",2017,"mrna_pharma",0.0811273391145596
"9",2018,"mrna_pharma",0.088011611030479
"10",2019,"mrna_pharma",0.0849901350736075
"11",2020,"mrna_pharma",0.0865490628445424
