"","filing","variable","value"
"1",2012,"mrna_pharma",0.0605120807789398
"2",2013,"mrna_pharma",0.0620053784095275
"3",2014,"mrna_pharma",0.0631983488719664
"4",2015,"mrna_pharma",0.0700882641386074
"5",2016,"mrna_pharma",0.0744747839029137
"6",2017,"mrna_pharma",0.0800490640499173
"7",2018,"mrna_pharma",0.0864677907479464
"8",2019,"mrna_pharma",0.0829834175503523
"9",2020,"mrna_pharma",0.0844577196415697
